"Model","Accuracy","Kappa"
"Decision Tree",0.785714285714286,0.404255319148936
"Random Forest",0.857142857142857,0.540983606557377
"SVM",0.821428571428571,0.377777777777778
